after_task,task_1,task_2,task_3,task_4,task_5,task_6,task_7,task_8,task_9,task_10,task_11,task_12,task_13,task_14,task_15,task_16,task_17,task_18,task_19,task_20
1,0.872000,,,,,,,,,,,,,,,,,,,
2,0.700000,0.700000,,,,,,,,,,,,,,,,,,
3,0.548000,0.496000,0.774000,,,,,,,,,,,,,,,,,
4,0.488000,0.458000,0.596000,0.770000,,,,,,,,,,,,,,,,
5,0.442000,0.368000,0.456000,0.494000,0.808000,,,,,,,,,,,,,,,
6,0.418000,0.314000,0.442000,0.424000,0.500000,0.812000,,,,,,,,,,,,,,
7,0.364000,0.360000,0.380000,0.354000,0.382000,0.456000,0.794000,,,,,,,,,,,,,
8,0.308000,0.312000,0.358000,0.372000,0.336000,0.420000,0.472000,0.828000,,,,,,,,,,,,
9,0.332000,0.216000,0.352000,0.296000,0.298000,0.316000,0.398000,0.320000,0.870000,,,,,,,,,,,
10,0.314000,0.198000,0.318000,0.272000,0.288000,0.346000,0.338000,0.294000,0.414000,0.786000,,,,,,,,,,
11,0.256000,0.242000,0.294000,0.260000,0.294000,0.234000,0.302000,0.228000,0.378000,0.324000,0.800000,,,,,,,,,
12,0.300000,0.210000,0.292000,0.264000,0.226000,0.200000,0.304000,0.262000,0.368000,0.280000,0.278000,0.878000,,,,,,,,
13,0.262000,0.142000,0.232000,0.282000,0.212000,0.174000,0.330000,0.210000,0.304000,0.290000,0.238000,0.334000,0.906000,,,,,,,
14,0.264000,0.172000,0.228000,0.256000,0.256000,0.264000,0.264000,0.200000,0.326000,0.210000,0.194000,0.258000,0.406000,0.904000,,,,,,
15,0.234000,0.162000,0.186000,0.218000,0.176000,0.208000,0.208000,0.218000,0.276000,0.220000,0.178000,0.282000,0.354000,0.362000,0.772000,,,,,
16,0.210000,0.106000,0.202000,0.242000,0.172000,0.206000,0.234000,0.196000,0.236000,0.152000,0.150000,0.274000,0.352000,0.366000,0.256000,0.868000,,,,
17,0.204000,0.152000,0.198000,0.180000,0.124000,0.186000,0.190000,0.192000,0.246000,0.170000,0.134000,0.212000,0.272000,0.316000,0.236000,0.280000,0.824000,,,
18,0.220000,0.096000,0.212000,0.184000,0.118000,0.166000,0.246000,0.178000,0.168000,0.158000,0.168000,0.216000,0.260000,0.302000,0.242000,0.308000,0.218000,0.870000,,
19,0.230000,0.126000,0.212000,0.148000,0.160000,0.218000,0.220000,0.150000,0.226000,0.176000,0.138000,0.180000,0.264000,0.250000,0.208000,0.264000,0.206000,0.258000,0.614000,
20,0.174000,0.130000,0.184000,0.164000,0.084000,0.226000,0.236000,0.138000,0.148000,0.150000,0.150000,0.142000,0.252000,0.168000,0.234000,0.210000,0.182000,0.168000,0.070000,0.852000
