task,seen_accuracy,task1_accuracy,epochs_run,best_validation_loss,buffer_before,buffer_after,current_original,current_presented,replay_original,replay_presented
1,0.896,0.896,13,0.2538369305729866,0,1200,2250,2280,0,0
2,0.734,0.71,12,0.7000058226585388,1200,1200,2250,2280,1200,1200
3,0.6613333333333333,0.54,12,0.4387359889745712,1200,1200,2250,2280,1200,1200
4,0.636,0.528,12,0.6631775789260864,1200,1200,2250,2280,1200,1200
5,0.5532,0.486,10,0.5891940059661865,1200,1200,2250,2280,1200,1200
6,0.5143333333333333,0.478,10,0.552457305431366,1200,1200,2250,2280,1200,1200
7,0.496,0.428,10,0.44095914340019227,1200,1200,2250,2280,1200,1200
8,0.455,0.362,9,0.4084281938076019,1200,1200,2250,2280,1200,1200
9,0.42733333333333334,0.386,13,0.3535634298324585,1200,1200,2250,2280,1200,1200
10,0.4046,0.338,11,0.46005422711372373,1200,1200,2250,2280,1200,1200
11,0.3936363636363636,0.318,10,0.5641372754573822,1200,1200,2250,2280,1200,1200
12,0.36816666666666664,0.3,9,0.3297617039680481,1200,1200,2250,2280,1200,1200
13,0.3523076923076923,0.302,11,0.28747175431251526,1200,1200,2250,2280,1200,1200
14,0.3432857142857143,0.292,13,0.3379221214056015,1200,1200,2250,2280,1200,1200
15,0.3274666666666667,0.312,9,0.3535053789615631,1200,1200,2250,2280,1200,1200
16,0.324,0.262,15,0.29075994181632997,1200,1200,2250,2280,1200,1200
17,0.3,0.284,12,0.4214840593338013,1200,1200,2250,2280,1200,1200
18,0.2803333333333333,0.252,12,0.3284208431243896,1200,1200,2250,2280,1200,1200
19,0.2603157894736842,0.262,8,1.0694200639724731,1200,1200,2250,2280,1200,1200
20,0.2455,0.222,10,0.3442266832590103,1200,1200,2250,2280,1200,1200
