task,epoch,train_loss,train_accuracy,val_loss,val_accuracy
1,1,1.1349830225894326,0.5736842105263158,1.193173833847046,0.564
1,2,0.49356799627605236,0.8333333333333334,0.6209375891685486,0.76
1,3,0.28325758816903096,0.9048245614035088,0.5307568440437317,0.8
1,4,0.18039359701307198,0.9504385964912281,0.3911264967918396,0.856
1,5,0.11800137230178766,0.9741228070175438,0.35399303781986236,0.872
1,6,0.07827338126667759,0.9890350877192983,0.3344056683778763,0.892
1,7,0.05299780295606245,0.9969298245614036,0.3294479424953461,0.9
1,8,0.03963182892715722,0.9986842105263158,0.324927347779274,0.896
1,9,0.029129944245020547,1.0,0.33566573721170423,0.904
1,10,0.022665210564931235,1.0,0.3309063495397568,0.896
1,11,0.018424664725337114,1.0,0.3386192284822464,0.9
1,12,0.015065154014972219,1.0,0.33681171596050263,0.896
1,13,0.013147888476388496,1.0,0.3471007970571518,0.904
2,1,1.4265931422683014,0.507183908045977,0.9295950298309326,0.644
2,2,0.7793689383857552,0.7258620689655172,0.7616046905517578,0.7
2,3,0.540281231855524,0.8212643678160919,0.7380515222549439,0.712
2,4,0.3684857916557926,0.8971264367816092,0.7284607734680176,0.728
2,5,0.26532749194523386,0.9330459770114943,0.7696017227172851,0.732
2,6,0.1889372243278328,0.9632183908045977,0.778558675289154,0.736
2,7,0.13740530993746616,0.9798850574712644,0.7620735011100769,0.768
2,8,0.10153184658151934,0.9896551724137931,0.7756390476226807,0.752
2,9,0.07871797304043825,0.9936781609195402,0.7977301998138427,0.756
3,1,1.4521039524297605,0.5545977011494253,0.8621944561004639,0.708
3,2,0.6574062397425202,0.7850574712643679,0.5762342526912689,0.792
3,3,0.4477262013602531,0.8658045977011494,0.5090195553302765,0.824
3,4,0.3068761024666929,0.9238505747126436,0.4449648208618164,0.852
3,5,0.22524416313089174,0.9491379310344827,0.4385952277183533,0.844
3,6,0.15554900299543623,0.975,0.4364605596065521,0.86
3,7,0.1194220189347692,0.985632183908046,0.44411803340911865,0.856
3,8,0.08589015452769296,0.993103448275862,0.4421961236000061,0.864
3,9,0.0686333938598119,0.9959770114942529,0.4686211352348328,0.864
3,10,0.05462005833570642,0.9982758620689656,0.4794178211688995,0.86
3,11,0.04401996166969853,0.9991379310344828,0.45659189963340757,0.872
4,1,1.5239184511118922,0.5637931034482758,0.7749076805114746,0.752
4,2,0.6439840083149658,0.8091954022988506,0.6447086002826691,0.784
4,3,0.41531738604622326,0.8887931034482759,0.6187784576416016,0.8
4,4,0.2896170526914213,0.9350574712643678,0.6197193498611451,0.796
4,5,0.20070833391670523,0.9623563218390805,0.641219259262085,0.784
4,6,0.14348567812435928,0.9804597701149426,0.6252912468910218,0.812
4,7,0.10525866315710819,0.989367816091954,0.6243867626190186,0.804
4,8,0.07722112382280416,0.9956896551724138,0.6220261521339416,0.804
5,1,1.4863155447203538,0.5807471264367816,0.6863518984317779,0.792
5,2,0.654970924128061,0.8005747126436782,0.5891442515850067,0.816
5,3,0.44542232131820986,0.871264367816092,0.5655749824047088,0.832
5,4,0.3112426451396668,0.9258620689655173,0.5437511477470398,0.82
5,5,0.22561502367600628,0.953735632183908,0.5635445783138275,0.824
5,6,0.1646058233647511,0.9747126436781609,0.5439192554950714,0.828
5,7,0.12116228246997143,0.9887931034482759,0.5460444755554199,0.824
5,8,0.09840484792901867,0.992816091954023,0.5453109052181244,0.816
5,9,0.07648464643835336,0.9956896551724138,0.5458755381107331,0.832
6,1,1.462953670408534,0.6005747126436781,0.6917336657047272,0.768
6,2,0.5950764538227826,0.8209770114942528,0.5799233689308166,0.808
6,3,0.3904036805547517,0.896264367816092,0.5492381092309951,0.82
6,4,0.27802363099723026,0.9347701149425287,0.49704308569431305,0.86
6,5,0.1928437157437719,0.9706896551724138,0.499928173661232,0.852
6,6,0.1436051407079587,0.9807471264367816,0.4817968479394913,0.856
6,7,0.10776692187392163,0.9902298850574712,0.46637606394290926,0.856
6,8,0.08227462583574756,0.9948275862068966,0.4691293544471264,0.848
6,9,0.06483406048139621,0.9985632183908046,0.4807219475209713,0.856
6,10,0.054247657081176494,0.9991379310344828,0.4871686541438103,0.84
6,11,0.04481728169210683,0.9994252873563219,0.4905146029889584,0.844
6,12,0.038667887205193784,0.9997126436781609,0.5013534414172173,0.836
7,1,1.5633454328295828,0.6031609195402299,0.6286639523506165,0.804
7,2,0.5637543631011042,0.8272988505747126,0.5750365595817566,0.84
7,3,0.37254010887666683,0.9011494252873563,0.545384890794754,0.844
7,4,0.25895516255806234,0.9408045977011494,0.5358648345470428,0.828
7,5,0.1895139009017369,0.9672413793103448,0.539036266207695,0.844
7,6,0.13402849819468357,0.9847701149425288,0.5378485844135285,0.844
7,7,0.10309903173354165,0.9902298850574712,0.5661098539829255,0.828
7,8,0.08147843322962865,0.9936781609195402,0.5484372831583023,0.844
7,9,0.061333675562650306,0.9979885057471264,0.5517318011522293,0.856
8,1,1.5719727494250768,0.5974137931034482,0.5717642769813538,0.828
8,2,0.5676738934270267,0.8339080459770115,0.46802756214141844,0.84
8,3,0.37017370065053307,0.9054597701149425,0.43868997812271115,0.852
8,4,0.24837366085627982,0.9505747126436782,0.4051037812232971,0.856
8,5,0.17918530885858097,0.9761494252873564,0.392140615940094,0.864
8,6,0.13048856828747124,0.9899425287356322,0.399472811460495,0.856
8,7,0.09608730046057153,0.993103448275862,0.3885601518154144,0.864
8,8,0.0798737640267816,0.9968390804597701,0.4048886539936066,0.864
8,9,0.0641846334754393,0.9991379310344828,0.40419307076931,0.872
8,10,0.05013683873774676,0.9988505747126437,0.40058921933174135,0.864
8,11,0.0428922636798401,0.9997126436781609,0.39886367797851563,0.88
8,12,0.03757800524947287,1.0,0.4085215294361115,0.868
9,1,1.4482734795959515,0.6637931034482759,0.515208157300949,0.868
9,2,0.4304716645986184,0.8778735632183908,0.4404193780422211,0.872
9,3,0.27596535976419506,0.9339080459770115,0.4112465057373047,0.884
9,4,0.18978328000026187,0.9626436781609196,0.4188436362743378,0.884
9,5,0.1354060866709413,0.9827586206896551,0.3934951448440552,0.884
9,6,0.10044926267930832,0.9922413793103448,0.3734719372987747,0.884
9,7,0.0748797896971134,0.996551724137931,0.3867371923923492,0.896
9,8,0.06363650073736221,0.996264367816092,0.38661315143108366,0.896
9,9,0.04849062935374249,0.9991379310344828,0.3811891998052597,0.896
9,10,0.04247909174461303,0.9997126436781609,0.37767603850364684,0.904
9,11,0.03598876931201452,0.9997126436781609,0.3943862826824188,0.9
10,1,1.573618034795783,0.6074712643678161,0.6595325691699981,0.776
10,2,0.5203380619657451,0.8497126436781609,0.5548236041069031,0.828
10,3,0.3404711010812343,0.9109195402298851,0.5038953766822815,0.844
10,4,0.23404406117296767,0.9497126436781609,0.5004649076461792,0.856
10,5,0.16430052546249038,0.9781609195402299,0.4964310750961304,0.856
10,6,0.11957900159317872,0.9899425287356322,0.4979274640083313,0.864
10,7,0.09050719008363527,0.9959770114942529,0.49522489404678344,0.86
10,8,0.06983549392771447,0.9982758620689656,0.5112065367698669,0.856
10,9,0.056189016115733945,0.9991379310344828,0.5121616010665894,0.856
10,10,0.046099934632750764,0.9994252873563219,0.531112808227539,0.864
10,11,0.03998999568237655,0.9997126436781609,0.5423037829399109,0.856
10,12,0.03417683260451103,0.9994252873563219,0.5475790047645569,0.856
11,1,1.5855389264808304,0.6379310344827587,0.6240876221656799,0.78
11,2,0.4982157466740444,0.8485632183908046,0.548194944858551,0.808
11,3,0.3173655006734804,0.9195402298850575,0.5141432714462281,0.848
11,4,0.2080203558692987,0.9617816091954023,0.5113868637084961,0.852
11,5,0.14753000194998994,0.9804597701149426,0.5204278144836426,0.856
11,6,0.11179887706349637,0.9890804597701149,0.526313684463501,0.856
11,7,0.08459838567108943,0.9951149425287357,0.5372783646583558,0.844
11,8,0.06844975950902905,0.9971264367816092,0.5606704006195068,0.836
11,9,0.05507334279346055,0.9994252873563219,0.5590932326316833,0.844
12,1,1.435649122897236,0.7008620689655173,0.3475098781585693,0.908
12,2,0.363145206680243,0.9040229885057471,0.3090484700202942,0.904
12,3,0.22822626848844277,0.9485632183908046,0.28495695114135744,0.908
12,4,0.15989515974090018,0.9729885057471265,0.27398808574676514,0.908
12,5,0.1127053149472708,0.9870689655172413,0.27530006885528563,0.908
12,6,0.08700395507802224,0.9936781609195402,0.2615432140827179,0.924
12,7,0.06768838934942908,0.996264367816092,0.2592288267612457,0.908
12,8,0.054236735827450096,0.9974137931034482,0.25555298614501953,0.924
12,9,0.04387219427902808,0.9991379310344828,0.25233248233795164,0.908
12,10,0.03678475183317031,0.9994252873563219,0.25974133682250977,0.9
12,11,0.03213204255049256,0.9991379310344828,0.25962189602851865,0.916
12,12,0.02907115673196727,1.0,0.2569137167930603,0.92
12,13,0.025746046813825765,1.0,0.2555424177646637,0.916
12,14,0.02190519790432748,1.0,0.25561643958091734,0.912
13,1,1.3701693743809886,0.7005747126436782,0.418403014421463,0.872
13,2,0.34771442137572955,0.8994252873563219,0.3440768105983734,0.908
13,3,0.21921518164119502,0.9488505747126437,0.3190260968208313,0.908
13,4,0.14680216168535168,0.9741379310344828,0.3225388407707214,0.912
13,5,0.1041374692971679,0.9873563218390805,0.3189251239299774,0.912
13,6,0.07821945116437715,0.9968390804597701,0.3241067192554474,0.924
13,7,0.0637182400572574,0.9971264367816092,0.31815574193000795,0.912
13,8,0.05011551352753036,0.9979885057471264,0.3158686909675598,0.916
13,9,0.043805600959679176,0.9982758620689656,0.3179958121776581,0.924
13,10,0.036611053895676274,0.9997126436781609,0.31480781865119933,0.92
13,11,0.03105336513113359,0.9994252873563219,0.32370290327072143,0.912
13,12,0.028091173094493903,0.9997126436781609,0.3250008487701416,0.912
13,13,0.02441689416808986,1.0,0.32661447691917417,0.916
13,14,0.022913135573182298,0.9997126436781609,0.32783092522621154,0.916
13,15,0.020587168479787893,1.0,0.329827965259552,0.92
14,1,1.3715837418690495,0.7094827586206897,0.43481756901741025,0.876
14,2,0.3118528327037548,0.917816091954023,0.39826653003692625,0.872
14,3,0.18551216142616053,0.9612068965517241,0.3896685767173767,0.86
14,4,0.12436644644744095,0.9841954022988506,0.3745588412284851,0.868
14,5,0.08870679794800007,0.9905172413793103,0.3632781229019165,0.876
14,6,0.06536719754937736,0.996551724137931,0.35798886060714724,0.888
14,7,0.05527441241061208,0.9982758620689656,0.36164148545265196,0.892
14,8,0.04478721509034606,0.9991379310344828,0.3483782856464386,0.896
14,9,0.03592685327554743,1.0,0.34596031069755556,0.888
14,10,0.030822892846732303,0.9997126436781609,0.348087530374527,0.892
14,11,0.028092038049094978,1.0,0.35216527462005615,0.892
14,12,0.02500199702964432,0.9994252873563219,0.35720977330207826,0.888
14,13,0.021765700907542786,1.0,0.3579131515026093,0.888
14,14,0.020897193509956887,1.0,0.3619393472671509,0.888
15,1,1.5298684124288888,0.6686781609195402,0.48222391939163206,0.828
15,2,0.37861026683072935,0.8807471264367817,0.4316751397848129,0.84
15,3,0.2350889748540418,0.9359195402298851,0.43166031819581985,0.844
15,4,0.16878084571197116,0.9635057471264368,0.4564669091105461,0.848
15,5,0.1280792130649775,0.9758620689655172,0.47336626732349396,0.852
15,6,0.09448981267111055,0.9841954022988506,0.4858841751217842,0.844
15,7,0.07770954401328646,0.9910919540229886,0.49810854440927504,0.856
15,8,0.06102194046152049,0.9936781609195402,0.5172641267180442,0.84
16,1,1.5422681912608531,0.671264367816092,0.38930979681015015,0.9
16,2,0.36669011581903216,0.8977011494252873,0.29289857935905456,0.928
16,3,0.23153209055977306,0.9482758620689655,0.2751468157768249,0.944
16,4,0.16013809785075572,0.9704022988505747,0.2508115038871765,0.948
16,5,0.11764979128693712,0.9813218390804598,0.26167347383499145,0.94
16,6,0.08893519547478906,0.9913793103448276,0.2641166281700134,0.936
16,7,0.07178988559920897,0.9936781609195402,0.24891823077201844,0.936
16,8,0.05917945127805759,0.9959770114942529,0.2630453751087189,0.936
16,9,0.04828946346995132,0.9968390804597701,0.27117132091522217,0.932
16,10,0.04073833665628543,0.9979885057471264,0.2703168168067932,0.928
16,11,0.036427292332652655,0.9994252873563219,0.27103391075134275,0.94
16,12,0.032005114562209995,0.9991379310344828,0.271173091173172,0.928
17,1,1.5755137066731508,0.6554597701149425,0.512115927696228,0.86
17,2,0.4315313920207407,0.875,0.4588362708091736,0.88
17,3,0.2782262293086655,0.928448275862069,0.43576062774658203,0.876
17,4,0.19084997846819887,0.9623563218390805,0.434806182384491,0.896
17,5,0.13194851998625132,0.9818965517241379,0.44020052087306977,0.9
17,6,0.09860030774926318,0.9916666666666667,0.44018796598911286,0.904
17,7,0.07399561835945338,0.996551724137931,0.45395636701583864,0.892
17,8,0.0590659823268652,0.9988505747126437,0.45212326967716215,0.9
17,9,0.04772500214220463,0.9994252873563219,0.4546442270278931,0.9
18,1,1.537461834118284,0.6793103448275862,0.5006752572059632,0.84
18,2,0.3737850818825864,0.9005747126436782,0.3807383465766907,0.88
18,3,0.2322380125180058,0.9520114942528736,0.35738831996917725,0.888
18,4,0.16537596492589204,0.9706896551724138,0.34095140218734743,0.896
18,5,0.11407323640653456,0.9885057471264368,0.32801930379867555,0.896
18,6,0.0871684120304283,0.9948275862068966,0.31863538360595706,0.888
18,7,0.06642209914909011,0.9971264367816092,0.3215417213439941,0.892
18,8,0.05479908842893168,0.9979885057471264,0.32703606367111204,0.892
18,9,0.045798689816361184,0.9991379310344828,0.3248871822357178,0.884
18,10,0.03820848105710813,0.9997126436781609,0.332399884223938,0.892
18,11,0.03192717224231054,1.0,0.3306779646873474,0.888
19,1,1.8987312949936965,0.5364942528735632,1.1699497509002685,0.548
19,2,0.7663439823293138,0.7433908045977011,1.0795662803649901,0.6
19,3,0.56204543839926,0.8298850574712644,1.0592414455413819,0.624
19,4,0.40989505950061755,0.8945402298850574,1.0509856834411622,0.628
19,5,0.29677905697247076,0.9396551724137931,1.0706826753616332,0.624
19,6,0.21844662443317217,0.9632183908045977,1.1314948768615722,0.612
19,7,0.1538238789158306,0.9810344827586207,1.1391548509597778,0.632
19,8,0.11325103044509888,0.9922413793103448,1.1523161878585815,0.656
19,9,0.08652064464344032,0.9948275862068966,1.1899708366394044,0.652
20,1,1.512829659999102,0.6856321839080459,0.5847791519165039,0.784
20,2,0.39616695430086946,0.8939655172413793,0.47724235844612123,0.86
20,3,0.25811236346590105,0.9433908045977012,0.42307630777359007,0.872
20,4,0.17432044648576056,0.967816091954023,0.4054378740787506,0.872
20,5,0.12345183527675169,0.9867816091954023,0.3993267602920532,0.872
20,6,0.09529126117798103,0.9922413793103448,0.37471712338924407,0.888
20,7,0.07168306270721315,0.9956896551724138,0.3722047851085663,0.888
20,8,0.05951762607471011,0.9982758620689656,0.3665397560596466,0.888
20,9,0.04654115736484528,0.9997126436781609,0.3714437606334686,0.9
20,10,0.04138807339229803,0.9994252873563219,0.38186635553836823,0.884
20,11,0.03515504115614398,0.9991379310344828,0.38605516362190245,0.896
20,12,0.030181637511256784,0.9997126436781609,0.38270710027217864,0.892
20,13,0.027384180346525264,1.0,0.3750846474170685,0.896
