after_task,task_1,task_2,task_3,task_4,task_5,task_6,task_7,task_8,task_9,task_10
1,0.557000,,,,,,,,,
2,0.498000,0.506000,,,,,,,,
3,0.322000,0.336000,0.661000,,,,,,,
4,0.252000,0.208000,0.381000,0.720000,,,,,,
5,0.104000,0.139000,0.270000,0.284000,0.750000,,,,,
6,0.123000,0.113000,0.189000,0.220000,0.241000,0.781000,,,,
7,0.123000,0.106000,0.190000,0.189000,0.273000,0.222000,0.723000,,,
8,0.186000,0.085000,0.184000,0.234000,0.176000,0.167000,0.198000,0.719000,,
9,0.025000,0.060000,0.086000,0.043000,0.102000,0.059000,0.059000,0.114000,0.859000,
10,0.107000,0.094000,0.141000,0.149000,0.203000,0.075000,0.036000,0.109000,0.335000,0.708000
