comparison,metric,seed,a,b,diff
div120: equal-budget - released-code,continual_average_accuracy,0,0.45601272280823757,0.46279172901402,0.006779006205782423
div120: equal-budget - released-code,continual_average_accuracy,1,0.47420456794667326,0.46424143921051436,-0.0099631287361589
div120: equal-budget - released-code,continual_average_accuracy,2,0.4585017200107254,0.4623879270566037,0.003886207045878276
div120: equal-budget - released-code,continual_average_accuracy,3,0.45656665290677667,0.4583856177598631,0.0018189648530864133
div120: equal-budget - released-code,continual_average_accuracy,4,0.4762591263195867,0.46737237369914225,-0.008886752620444471
div120: equal-budget - released-code,continual_average_accuracy,5,0.46657402285708793,0.466527924209863,-4.609864722493473e-05
div120: equal-budget - released-code,continual_average_accuracy,6,0.46309111229671596,0.4620599757225917,-0.0010311365741242362
div120: equal-budget - released-code,continual_average_accuracy,7,0.4549129502360385,0.4543667788485165,-0.0005461713875219987
div120: equal-budget - released-code,forgetfulness,0,0.5723684210526315,0.5440594652919315,-0.028308955760700028
div120: equal-budget - released-code,forgetfulness,1,0.5670511896178803,0.5678416224046355,0.0007904327867552796
div120: equal-budget - released-code,forgetfulness,2,0.5586953962086424,0.5815034274427792,0.022808031234136772
div120: equal-budget - released-code,forgetfulness,3,0.5840560769870501,0.5662636320531057,-0.017792444933944385
div120: equal-budget - released-code,forgetfulness,4,0.5418975069252078,0.54034314862045,-0.001554358304757808
div120: equal-budget - released-code,forgetfulness,5,0.5414563806777217,0.5711588388010385,0.029702458123316733
div120: equal-budget - released-code,forgetfulness,6,0.5538169748696063,0.5467634603750756,-0.007053514494530733
div120: equal-budget - released-code,forgetfulness,7,0.5528156054471844,0.5553539019963702,0.0025382965491858034
div120 equal-budget - div1,continual_average_accuracy,0,0.4007122259040409,0.46279172901402,0.06207950310997912
div120 equal-budget - div1,continual_average_accuracy,1,0.4025599269852094,0.46424143921051436,0.061681512225304935
div120 equal-budget - div1,continual_average_accuracy,2,0.39716735770593353,0.4623879270566037,0.06522056935067017
div120 equal-budget - div1,continual_average_accuracy,3,0.39593126137493395,0.4583856177598631,0.06245435638492913
div120 equal-budget - div1,continual_average_accuracy,4,0.4114397296356894,0.46737237369914225,0.05593264406345283
div120 equal-budget - div1,continual_average_accuracy,5,0.3955679909830451,0.466527924209863,0.07095993322681787
div120 equal-budget - div1,continual_average_accuracy,6,0.3949953388729434,0.4620599757225917,0.06706463684964831
div120 equal-budget - div1,continual_average_accuracy,7,0.390680936620569,0.4543667788485165,0.06368584222794749
div120 equal-budget - div1,forgetfulness,0,0.6490828437837189,0.5440594652919315,-0.10502337849178744
div120 equal-budget - div1,forgetfulness,1,0.6216803476581362,0.5678416224046355,-0.05383872525350064
div120 equal-budget - div1,forgetfulness,2,0.6667828511676542,0.5815034274427792,-0.08527942372487507
div120 equal-budget - div1,forgetfulness,3,0.6583688952110004,0.5662636320531057,-0.09210526315789469
div120 equal-budget - div1,forgetfulness,4,0.634477162068166,0.54034314862045,-0.09413401344771599
div120 equal-budget - div1,forgetfulness,5,0.6497521831484542,0.5711588388010385,-0.07859334434741572
div120 equal-budget - div1,forgetfulness,6,0.6554143980641257,0.5467634603750756,-0.1086509376890501
div120 equal-budget - div1,forgetfulness,7,0.6700544464609799,0.5553539019963702,-0.11470054446460964
div120 released-code - div1,continual_average_accuracy,0,0.4007122259040409,0.45601272280823757,0.055300496904196694
div120 released-code - div1,continual_average_accuracy,1,0.4025599269852094,0.47420456794667326,0.07164464096146383
div120 released-code - div1,continual_average_accuracy,2,0.39716735770593353,0.4585017200107254,0.06133436230479189
div120 released-code - div1,continual_average_accuracy,3,0.39593126137493395,0.45656665290677667,0.06063539153184272
div120 released-code - div1,continual_average_accuracy,4,0.4114397296356894,0.4762591263195867,0.0648193966838973
div120 released-code - div1,continual_average_accuracy,5,0.3955679909830451,0.46657402285708793,0.07100603187404281
div120 released-code - div1,continual_average_accuracy,6,0.3949953388729434,0.46309111229671596,0.06809577342377254
div120 released-code - div1,continual_average_accuracy,7,0.390680936620569,0.4549129502360385,0.06423201361546949
div120 released-code - div1,forgetfulness,0,0.6490828437837189,0.5723684210526315,-0.07671442273108742
div120 released-code - div1,forgetfulness,1,0.6216803476581362,0.5670511896178803,-0.05462915804025592
div120 released-code - div1,forgetfulness,2,0.6667828511676542,0.5586953962086424,-0.10808745495901184
div120 released-code - div1,forgetfulness,3,0.6583688952110004,0.5840560769870501,-0.0743128182239503
div120 released-code - div1,forgetfulness,4,0.634477162068166,0.5418975069252078,-0.09257965514295818
div120 released-code - div1,forgetfulness,5,0.6497521831484542,0.5414563806777217,-0.10829580247073245
div120 released-code - div1,forgetfulness,6,0.6554143980641257,0.5538169748696063,-0.10159742319451937
div120 released-code - div1,forgetfulness,7,0.6700544464609799,0.5528156054471844,-0.11723884101379545
div300: equal-budget - released-code,continual_average_accuracy,0,0.4663292000912745,0.4638151678197963,-0.0025140322714781727
div300: equal-budget - released-code,continual_average_accuracy,1,0.46520449232140404,0.46079045235724025,-0.004414039964163785
div300: equal-budget - released-code,continual_average_accuracy,2,0.4655076497444763,0.4599445242751744,-0.005563125469301877
div300: equal-budget - released-code,continual_average_accuracy,3,0.45794935558851185,0.45481999391131744,-0.003129361677194409
div300: equal-budget - released-code,continual_average_accuracy,4,0.4706857512954882,0.4728925902941228,0.002206838998634608
div300: equal-budget - released-code,continual_average_accuracy,5,0.467703391767761,0.4685906510328337,0.0008872592650727151
div300: equal-budget - released-code,continual_average_accuracy,6,0.45784062279610654,0.46287413570304825,0.005033512906941706
div300: equal-budget - released-code,continual_average_accuracy,7,0.45686002195903513,0.4564124171734697,-0.00044760478556543637
div300: equal-budget - released-code,forgetfulness,0,0.5381043105501311,0.5543699796187509,0.016265669068619815
div300: equal-budget - released-code,forgetfulness,1,0.5559657061205049,0.5662723322066635,0.010306626086158621
div300: equal-budget - released-code,forgetfulness,2,0.5636406452372542,0.5732543278726618,0.009613682635407628
div300: equal-budget - released-code,forgetfulness,3,0.5824162679425837,0.5564248458985301,-0.02599142204405358
div300: equal-budget - released-code,forgetfulness,4,0.5393297247495106,0.5529793647113379,0.013649639961827331
div300: equal-budget - released-code,forgetfulness,5,0.5541099940863395,0.5644323814019354,0.010322387315595871
div300: equal-budget - released-code,forgetfulness,6,0.5602524410573946,0.5497882637628555,-0.010464177294539079
div300: equal-budget - released-code,forgetfulness,7,0.5580618212197158,0.5482153660012098,-0.009846455218506023
div300 equal-budget - div1,continual_average_accuracy,0,0.4007122259040409,0.4638151678197963,0.06310294191575544
div300 equal-budget - div1,continual_average_accuracy,1,0.4025599269852094,0.46079045235724025,0.05823052537203083
div300 equal-budget - div1,continual_average_accuracy,2,0.39716735770593353,0.4599445242751744,0.06277716656924087
div300 equal-budget - div1,continual_average_accuracy,3,0.39593126137493395,0.45481999391131744,0.05888873253638349
div300 equal-budget - div1,continual_average_accuracy,4,0.4114397296356894,0.4728925902941228,0.06145286065843336
div300 equal-budget - div1,continual_average_accuracy,5,0.3955679909830451,0.4685906510328337,0.07302266004978858
div300 equal-budget - div1,continual_average_accuracy,6,0.3949953388729434,0.46287413570304825,0.06787879683010484
div300 equal-budget - div1,continual_average_accuracy,7,0.390680936620569,0.4564124171734697,0.06573148055290068
div300 equal-budget - div1,forgetfulness,0,0.6490828437837189,0.5543699796187509,-0.09471286416496805
div300 equal-budget - div1,forgetfulness,1,0.6216803476581362,0.5662723322066635,-0.05540801545147267
div300 equal-budget - div1,forgetfulness,2,0.6667828511676542,0.5732543278726618,-0.0935285232949924
div300 equal-budget - div1,forgetfulness,3,0.6583688952110004,0.5564248458985301,-0.10194404931247025
div300 equal-budget - div1,forgetfulness,4,0.634477162068166,0.5529793647113379,-0.08149779735682805
div300 equal-budget - div1,forgetfulness,5,0.6497521831484542,0.5644323814019354,-0.08531980174651876
div300 equal-budget - div1,forgetfulness,6,0.6554143980641257,0.5497882637628555,-0.10562613430127021
div300 equal-budget - div1,forgetfulness,7,0.6700544464609799,0.5482153660012098,-0.1218390804597701
div300 released-code - div1,continual_average_accuracy,0,0.4007122259040409,0.4663292000912745,0.06561697418723361
div300 released-code - div1,continual_average_accuracy,1,0.4025599269852094,0.46520449232140404,0.06264456533619461
div300 released-code - div1,continual_average_accuracy,2,0.39716735770593353,0.4655076497444763,0.06834029203854275
div300 released-code - div1,continual_average_accuracy,3,0.39593126137493395,0.45794935558851185,0.0620180942135779
div300 released-code - div1,continual_average_accuracy,4,0.4114397296356894,0.4706857512954882,0.05924602165979875
div300 released-code - div1,continual_average_accuracy,5,0.3955679909830451,0.467703391767761,0.07213540078471586
div300 released-code - div1,continual_average_accuracy,6,0.3949953388729434,0.45784062279610654,0.06284528392316313
div300 released-code - div1,continual_average_accuracy,7,0.390680936620569,0.45686002195903513,0.06617908533846611
div300 released-code - div1,forgetfulness,0,0.6490828437837189,0.5381043105501311,-0.11097853323358786
div300 released-code - div1,forgetfulness,1,0.6216803476581362,0.5559657061205049,-0.06571464153763129
div300 released-code - div1,forgetfulness,2,0.6667828511676542,0.5636406452372542,-0.10314220593040002
div300 released-code - div1,forgetfulness,3,0.6583688952110004,0.5824162679425837,-0.07595262726841667
div300 released-code - div1,forgetfulness,4,0.634477162068166,0.5393297247495106,-0.09514743731865538
div300 released-code - div1,forgetfulness,5,0.6497521831484542,0.5541099940863395,-0.09564218906211464
div300 released-code - div1,forgetfulness,6,0.6554143980641257,0.5602524410573946,-0.09516195700673113
div300 released-code - div1,forgetfulness,7,0.6700544464609799,0.5580618212197158,-0.11199262524126408
